[{"id": "11.01", "name": "Kabupaten Aceh Selatan"}, {"id": "11.02", "name": "Kabupaten Aceh Tenggara"}, {"id": "11.03", "name": "Kabupaten Aceh Timur"}, {"id": "11.04", "name": "Kabupaten Aceh Tengah"}, {"id": "11.05", "name": "Kabupaten Aceh Barat"}, {"id": "11.06", "name": "Kabupaten Aceh Besar"}, {"id": "11.07", "name": "Kabupaten Pidie"}, {"id": "11.08", "name": "Kabupaten Aceh Utara"}, {"id": "11.09", "name": "Kabupaten Simeulue"}, {"id": "11.10", "name": "Kabupaten Aceh Singkil"}, {"id": "11.11", "name": "Kabupaten Bireuen"}, {"id": "11.12", "name": "Kabupaten Aceh Barat Daya"}, {"id": "11.13", "name": "Kabupaten Gayo Lues"}, {"id": "11.14", "name": "Kabupaten Aceh Jaya"}, {"id": "11.15", "name": "Kabupaten Nagan Raya"}, {"id": "11.16", "name": "Kabupaten Aceh Tamiang"}, {"id": "11.17", "name": "Kabupaten Bener Meriah"}, {"id": "11.18", "name": "Kabupaten Pidie Jaya"}, {"id": "11.71", "name": "Kota Banda Aceh"}, {"id": "11.72", "name": "Kota Sabang"}, {"id": "11.73", "name": "Kota Lhokseumawe"}, {"id": "11.74", "name": "Kota Langsa"}, {"id": "11.75", "name": "Kota Subulussalam"}]