[{"id": "12.01", "name": "Kabupaten Tapanuli Tengah"}, {"id": "12.02", "name": "Kabupaten Tapanuli Utara"}, {"id": "12.03", "name": "Kabupaten Tapanuli Selatan"}, {"id": "12.04", "name": "Kabupaten Nias"}, {"id": "12.05", "name": "Kabupaten Langkat"}, {"id": "12.06", "name": "Kabupaten Karo"}, {"id": "12.07", "name": "Kabupaten Deli Serdang"}, {"id": "12.08", "name": "Kabupaten Simalungun"}, {"id": "12.09", "name": "Kabupaten Asahan"}, {"id": "12.10", "name": "Kabupaten Labuhanbatu"}, {"id": "12.11", "name": "Kabupaten Dairi"}, {"id": "12.12", "name": "Kabupaten Toba"}, {"id": "12.13", "name": "Kabupaten Mandailing Natal"}, {"id": "12.14", "name": "Kabupaten Nias Selatan"}, {"id": "12.15", "name": "Kabupaten Pakpak Bharat"}, {"id": "12.16", "name": "Kabupaten Humbang Hasundutan"}, {"id": "12.17", "name": "Kabupaten Samosir"}, {"id": "12.18", "name": "Kabupaten Serdang Bedagai"}, {"id": "12.19", "name": "Kabupaten Batu Bara"}, {"id": "12.20", "name": "Kabupaten Padang Lawas Utara"}, {"id": "12.21", "name": "Kabupaten Padang Lawas"}, {"id": "12.22", "name": "Kabupaten Labuhanbatu Selatan"}, {"id": "12.23", "name": "Kabupaten Labuhanbatu Utara"}, {"id": "12.24", "name": "Kabupaten Nias Utara"}, {"id": "12.25", "name": "Kabupaten Nias Barat"}, {"id": "12.71", "name": "Kota Medan"}, {"id": "12.72", "name": "Kota Pematangsiantar"}, {"id": "12.73", "name": "Kota Sibolga"}, {"id": "12.74", "name": "Kota Tanjungbalai"}, {"id": "12.75", "name": "Kota Binjai"}, {"id": "12.76", "name": "Kota Tebing Tinggi"}, {"id": "12.77", "name": "Kota Padangsidimpuan"}, {"id": "12.78", "name": "Kota Gunungsitoli"}]