[{"id": "32.01", "name": "Kabupaten Bogor"}, {"id": "32.02", "name": "Kabupaten Sukabumi"}, {"id": "32.03", "name": "Kabupaten Cianjur"}, {"id": "32.04", "name": "Kabupaten Bandung"}, {"id": "32.05", "name": "Kabupaten Garut"}, {"id": "32.06", "name": "Kabupaten Tasikmalaya"}, {"id": "32.07", "name": "Kabupaten Ciamis"}, {"id": "32.08", "name": "Kabupaten Kuningan"}, {"id": "32.09", "name": "Kabupaten Cirebon"}, {"id": "32.10", "name": "Kabupaten Majalengka"}, {"id": "32.11", "name": "Kabupaten Sumedang"}, {"id": "32.12", "name": "Kabupaten Indramayu"}, {"id": "32.13", "name": "Kabupaten Subang"}, {"id": "32.14", "name": "Kabupaten Purwakarta"}, {"id": "32.15", "name": "Kabupaten Karawang"}, {"id": "32.16", "name": "Kabupaten Bekasi"}, {"id": "32.17", "name": "Kabupaten Bandung Barat"}, {"id": "32.18", "name": "Kabupaten Pangandaran"}, {"id": "32.71", "name": "Kota Bogor"}, {"id": "32.72", "name": "Kota Sukabumi"}, {"id": "32.73", "name": "Kota Bandung"}, {"id": "32.74", "name": "Kota Cirebon"}, {"id": "32.75", "name": "Kota Bekasi"}, {"id": "32.76", "name": "Kota Depok"}, {"id": "32.77", "name": "Kota Cimahi"}, {"id": "32.78", "name": "Kota Tasikmalaya"}, {"id": "32.79", "name": "Kota Banjar"}]