[{"id": "53.01", "name": "Kabupaten Kupang"}, {"id": "53.02", "name": "Kab Timor Tengah Selatan"}, {"id": "53.03", "name": "Kabupaten Timor Tengah Utara"}, {"id": "53.04", "name": "Kabupaten Belu"}, {"id": "53.05", "name": "Kabupaten Alor"}, {"id": "53.06", "name": "Kabupaten Flores Timur"}, {"id": "53.07", "name": "Kabupaten Sikka"}, {"id": "53.08", "name": "Kabupaten Ende"}, {"id": "53.09", "name": "Kabupaten Ngada"}, {"id": "53.10", "name": "Kabupaten Manggarai"}, {"id": "53.11", "name": "Kabupaten Sumba Timur"}, {"id": "53.12", "name": "Kabupaten Sumba Barat"}, {"id": "53.13", "name": "Kabupaten Lembata"}, {"id": "53.14", "name": "Kabupaten Rote Ndao"}, {"id": "53.15", "name": "Kabupaten Manggarai Barat"}, {"id": "53.16", "name": "Kabupaten Nagekeo"}, {"id": "53.17", "name": "Kabupaten Sumba Tengah"}, {"id": "53.18", "name": "Kabupaten Sumba Barat Daya"}, {"id": "53.19", "name": "Kabupaten Manggarai Timur"}, {"id": "53.20", "name": "Kabupaten Sabu Raijua"}, {"id": "53.21", "name": "Kabupaten Malaka"}, {"id": "53.71", "name": "Kota Kupang"}]