[{"id": "73.01", "name": "Kabupaten Kepulauan Selayar"}, {"id": "73.02", "name": "Kabupaten Bulukumba"}, {"id": "73.03", "name": "Kabupaten Bantaeng"}, {"id": "73.04", "name": "Kabupaten Jeneponto"}, {"id": "73.05", "name": "Kabupaten Takalar"}, {"id": "73.06", "name": "Kabupaten Gowa"}, {"id": "73.07", "name": "Kabupaten Sinjai"}, {"id": "73.08", "name": "Kabupaten Bone"}, {"id": "73.09", "name": "Kabupaten Maros"}, {"id": "73.10", "name": "Kabupaten Pangkajene dan Kepulauan"}, {"id": "73.11", "name": "Kabupaten Barru"}, {"id": "73.12", "name": "Kabupaten Soppeng"}, {"id": "73.13", "name": "Kabupaten Wajo"}, {"id": "73.14", "name": "Kabupaten Sidenreng Rappang"}, {"id": "73.15", "name": "Kabupaten Pinrang"}, {"id": "73.16", "name": "Kabupaten Enrekang"}, {"id": "73.17", "name": "Kabupaten Luwu"}, {"id": "73.18", "name": "Kabupaten Tana Toraja"}, {"id": "73.22", "name": "Kabupaten Luwu Utara"}, {"id": "73.24", "name": "Kabupaten Luwu Timur"}, {"id": "73.26", "name": "Kabupaten Toraja Utara"}, {"id": "73.71", "name": "Kota Makassar"}, {"id": "73.72", "name": "Kota Parepare"}, {"id": "73.73", "name": "Kota Palopo"}]