[{"id": "81.01", "name": "Kabupaten Maluku Tengah"}, {"id": "81.02", "name": "Kabupaten Maluku Tenggara"}, {"id": "81.03", "name": "Kabupaten Kepulauan Tanimbar"}, {"id": "81.04", "name": "Kabupaten Buru"}, {"id": "81.05", "name": "Kabupaten Seram Bagian Timur"}, {"id": "81.06", "name": "Kabupaten Seram Bagian Barat"}, {"id": "81.07", "name": "Kabupaten Kepulauan Aru"}, {"id": "81.08", "name": "Kabupaten Maluku Barat Daya"}, {"id": "81.09", "name": "Kabupaten Buru Selatan"}, {"id": "81.71", "name": "Kota Ambon"}, {"id": "81.72", "name": "Kota Tual"}]